{
  "files": {
    "E:\\cc\\ChineseChess-AlphaZero\\mydata\\play_data\\play_20260312-180534.000370.json": {
      "games": 5,
      "mtime_ns": 1773353134002387700,
      "size": 12586
    },
    "E:\\cc\\ChineseChess-AlphaZero\\mydata\\play_data\\play_20260312-180922.137312.json": {
      "games": 5,
      "mtime_ns": 1773353362138819000,
      "size": 9938
    },
    "E:\\cc\\ChineseChess-AlphaZero\\mydata\\play_data\\play_20260312-181134.809042.json": {
      "games": 5,
      "mtime_ns": 1773353494809546500,
      "size": 5147
    },
    "E:\\cc\\ChineseChess-AlphaZero\\mydata\\play_data\\play_20260312-181656.397001.json": {
      "games": 5,
      "mtime_ns": 1773353816399515200,
      "size": 14701
    },
    "E:\\cc\\ChineseChess-AlphaZero\\mydata\\play_data\\play_20260312-182337.615552.json": {
      "games": 5,
      "mtime_ns": 1773354217618563800,
      "size": 18387
    },
    "E:\\cc\\ChineseChess-AlphaZero\\mydata\\play_data\\play_20260312-182816.771101.json": {
      "games": 5,
      "mtime_ns": 1773354496773170500,
      "size": 10046
    },
    "E:\\cc\\ChineseChess-AlphaZero\\mydata\\play_data\\play_20260312-183546.280803.json": {
      "games": 5,
      "mtime_ns": 1773354946283815500,
      "size": 15431
    },
    "E:\\cc\\ChineseChess-AlphaZero\\mydata\\play_data\\play_20260312-183952.501694.json": {
      "games": 5,
      "mtime_ns": 1773355192503200900,
      "size": 11342
    },
    "E:\\cc\\ChineseChess-AlphaZero\\mydata\\play_data\\play_20260312-184426.914669.json": {
      "games": 5,
      "mtime_ns": 1773355466916706900,
      "size": 11584
    },
    "E:\\cc\\ChineseChess-AlphaZero\\mydata\\play_data\\play_20260312-185016.294431.json": {
      "games": 5,
      "mtime_ns": 1773355816296976700,
      "size": 12934
    },
    "E:\\cc\\ChineseChess-AlphaZero\\mydata\\play_data\\play_20260312-185429.961559.json": {
      "games": 5,
      "mtime_ns": 1773356069963587900,
      "size": 9586
    },
    "E:\\cc\\ChineseChess-AlphaZero\\mydata\\play_data\\play_20260312-190004.045861.json": {
      "games": 5,
      "mtime_ns": 1773356404048431400,
      "size": 13743
    },
    "E:\\cc\\ChineseChess-AlphaZero\\mydata\\play_data\\play_20260312-190236.323292.json": {
      "games": 5,
      "mtime_ns": 1773356556324800300,
      "size": 7629
    },
    "E:\\cc\\ChineseChess-AlphaZero\\mydata\\play_data\\play_20260312-190708.065859.json": {
      "games": 5,
      "mtime_ns": 1773356828068368900,
      "size": 10357
    },
    "E:\\cc\\ChineseChess-AlphaZero\\mydata\\play_data\\play_20260312-191349.366755.json": {
      "games": 5,
      "mtime_ns": 1773357229368821000,
      "size": 13609
    },
    "E:\\cc\\ChineseChess-AlphaZero\\mydata\\play_data\\play_20260312-192042.913548.json": {
      "games": 5,
      "mtime_ns": 1773357642916560400,
      "size": 18102
    },
    "E:\\cc\\ChineseChess-AlphaZero\\mydata\\play_data\\play_20260312-192609.891858.json": {
      "games": 5,
      "mtime_ns": 1773357969894870600,
      "size": 14379
    },
    "E:\\cc\\ChineseChess-AlphaZero\\mydata\\play_data\\play_20260312-221648.685489.json": {
      "games": 5,
      "mtime_ns": 1773368208689002100,
      "size": 10829
    },
    "E:\\cc\\ChineseChess-AlphaZero\\mydata\\play_data\\play_20260312-222110.495649.json": {
      "games": 5,
      "mtime_ns": 1773368470497657100,
      "size": 11611
    },
    "E:\\cc\\ChineseChess-AlphaZero\\mydata\\play_data\\play_20260312-222519.668263.json": {
      "games": 5,
      "mtime_ns": 1773368719670271000,
      "size": 12797
    },
    "E:\\cc\\ChineseChess-AlphaZero\\mydata\\play_data\\play_20260312-222729.909857.json": {
      "games": 5,
      "mtime_ns": 1773368849911364200,
      "size": 6023
    },
    "E:\\cc\\ChineseChess-AlphaZero\\mydata\\play_data\\play_20260312-222957.698752.json": {
      "games": 5,
      "mtime_ns": 1773368997700293400,
      "size": 8232
    },
    "E:\\cc\\ChineseChess-AlphaZero\\mydata\\play_data\\play_20260312-223457.717637.json": {
      "games": 5,
      "mtime_ns": 1773369297720146800,
      "size": 12368
    },
    "E:\\cc\\ChineseChess-AlphaZero\\mydata\\play_data\\play_20260312-223612.454280.json": {
      "games": 5,
      "mtime_ns": 1773369372455840400,
      "size": 5902
    },
    "E:\\cc\\ChineseChess-AlphaZero\\mydata\\play_data\\play_20260312-224135.979032.json": {
      "games": 5,
      "mtime_ns": 1773369695982050000,
      "size": 15473
    },
    "E:\\cc\\ChineseChess-AlphaZero\\mydata\\play_data\\play_20260312-224503.138620.json": {
      "games": 5,
      "mtime_ns": 1773369903140126200,
      "size": 9560
    },
    "E:\\cc\\ChineseChess-AlphaZero\\mydata\\play_data\\play_20260312-224742.952995.json": {
      "games": 5,
      "mtime_ns": 1773370062954505400,
      "size": 7819
    },
    "E:\\cc\\ChineseChess-AlphaZero\\mydata\\play_data\\play_20260312-225112.477240.json": {
      "games": 5,
      "mtime_ns": 1773370272477743400,
      "size": 5930
    },
    "E:\\cc\\ChineseChess-AlphaZero\\mydata\\play_data\\play_20260312-225306.364309.json": {
      "games": 5,
      "mtime_ns": 1773370386366398300,
      "size": 9533
    },
    "E:\\cc\\ChineseChess-AlphaZero\\mydata\\play_data\\play_20260312-225518.230082.json": {
      "games": 5,
      "mtime_ns": 1773370518231125100,
      "size": 8665
    },
    "E:\\cc\\ChineseChess-AlphaZero\\mydata\\play_data\\play_20260312-230045.194142.json": {
      "games": 5,
      "mtime_ns": 1773370845198300800,
      "size": 16618
    },
    "E:\\cc\\ChineseChess-AlphaZero\\mydata\\play_data\\play_20260312-230530.393650.json": {
      "games": 5,
      "mtime_ns": 1773371130396191900,
      "size": 17065
    },
    "E:\\cc\\ChineseChess-AlphaZero\\mydata\\play_data\\play_20260312-230624.093008.json": {
      "games": 5,
      "mtime_ns": 1773371184094519200,
      "size": 4701
    },
    "E:\\cc\\ChineseChess-AlphaZero\\mydata\\play_data\\play_20260312-231102.587131.json": {
      "games": 5,
      "mtime_ns": 1773371462589737100,
      "size": 13191
    },
    "E:\\cc\\ChineseChess-AlphaZero\\mydata\\trained\\play_20260312-123950.868314.json": {
      "games": 1,
      "mtime_ns": 1773333590868314400,
      "size": 225
    },
    "E:\\cc\\ChineseChess-AlphaZero\\mydata\\trained\\play_20260312-124035.531666.json": {
      "games": 1,
      "mtime_ns": 1773333635531666300,
      "size": 657
    },
    "E:\\cc\\ChineseChess-AlphaZero\\mydata\\trained\\play_20260312-124242.971714.json": {
      "games": 1,
      "mtime_ns": 1773333762973221500,
      "size": 2663
    },
    "E:\\cc\\ChineseChess-AlphaZero\\mydata\\trained\\play_20260312-124314.391107.json": {
      "games": 1,
      "mtime_ns": 1773333794391621200,
      "size": 859
    },
    "E:\\cc\\ChineseChess-AlphaZero\\mydata\\trained\\play_20260312-124317.076591.json": {
      "games": 1,
      "mtime_ns": 1773333797076591300,
      "size": 130
    },
    "E:\\cc\\ChineseChess-AlphaZero\\mydata\\trained\\play_20260312-124325.728502.json": {
      "games": 1,
      "mtime_ns": 1773333805729527500,
      "size": 265
    },
    "E:\\cc\\ChineseChess-AlphaZero\\mydata\\trained\\play_20260312-124451.607862.json": {
      "games": 1,
      "mtime_ns": 1773333891608868500,
      "size": 2398
    },
    "E:\\cc\\ChineseChess-AlphaZero\\mydata\\trained\\play_20260312-124624.415933.json": {
      "games": 1,
      "mtime_ns": 1773333984416939600,
      "size": 2663
    },
    "E:\\cc\\ChineseChess-AlphaZero\\mydata\\trained\\play_20260312-124809.853170.json": {
      "games": 1,
      "mtime_ns": 1773334089854174400,
      "size": 2663
    },
    "E:\\cc\\ChineseChess-AlphaZero\\mydata\\trained\\play_20260312-124813.737874.json": {
      "games": 1,
      "mtime_ns": 1773334093737874600,
      "size": 157
    },
    "E:\\cc\\ChineseChess-AlphaZero\\mydata\\trained\\play_20260312-130507.226356.json": {
      "games": 1,
      "mtime_ns": 1773335107227360100,
      "size": 2290
    },